{"cameraMode":{"drawMode":0,"name":"Shaded","section":"Shading Mode"},"sceneLighting":false,"audioPlay":false,"sceneViewState":{"showFog":true,"showMaterialUpdate":false,"showSkybox":false,"showFlares":true,"showImageEffects":true,"showParticleSystems":true},"in2DMode":false,"pivot":{"x":5.931521415710449,"y":7.165087699890137,"z":7.11035680770874},"rotation":{"x":0.048736028373241428,"y":0.768038272857666,"z":-0.058869991451501849,"w":0.6358286738395691},"size":5.202376365661621,"orthographic":false}